[
    { "name": "Smriti", "runs": 38, "balls": 95 },
    { "name": "Smriti", "runs": 166, "balls": 267 },
    { "name": "VVS Laxman", "runs": 159, "balls": 430 },
    { "name": "Renuka", "runs": 36, "balls": 50 },
    { "name": "Smriti", "runs": 64, "balls": 143 },
    { "name": "Shubman", "runs": 76, "balls": 133 },
    { "name": "Deepti", "runs": 150, "balls": 361 },
    { "name": "Ishan", "runs": 29, "balls": 62 },
    { "name": "Deepti", "runs": 60, "balls": 169 },
    { "name": "Virat", "runs": 5, "balls": 5 },
    { "name": "Deepti", "runs": 132, "balls": 316 },
    { "name": "Renuka", "runs": 17, "balls": 48 },
    { "name": "Deepti", "runs": 11, "balls": 16 },
    { "name": "Ishan", "runs": 126, "balls": 133 },
    { "name": "Deepti", "runs": 143, "balls": 392 },
    { "name": "Deepti", "runs": 164, "balls": 86 },
    { "name": "Shubman", "runs": 164, "balls": 246 },
    { "name": "VVS Laxman", "runs": 83, "balls": 142 },
    { "name": "Renuka", "runs": 155, "balls": 97 },
    { "name": "Harmanpreet", "runs": 51, "balls": 88 },
    { "name": "Renuka", "runs": 12, "balls": 27 },
    { "name": "Harmanpreet", "runs": 95, "balls": 186 },
    { "name": "Deepti", "runs": 109, "balls": 303 },
    { "name": "Jemimah", "runs": 75, "balls": 187 },
    { "name": "Deepti", "runs": 141, "balls": 311 },
    { "name": "Virat", "runs": 30, "balls": 44 },
    { "name": "Virat", "runs": 21, "balls": 21 },
    { "name": "Virat", "runs": 149, "balls": 244 },
    { "name": "Renuka", "runs": 5, "balls": 15 },
    { "name": "Smriti", "runs": 131, "balls": 295 },
    { "name": "Ishan", "runs": 16, "balls": 8 },
    { "name": "Renuka", "runs": 112, "balls": 264 },
    { "name": "Smriti", "runs": 82, "balls": 145 },
    { "name": "Jemimah", "runs": 55, "balls": 57 },
    { "name": "Jemimah", "runs": 102, "balls": 65 },
    { "name": "Rohit", "runs": 68, "balls": 42 },
    { "name": "Virat", "runs": 56, "balls": 34 },
    { "name": "Harmanpreet", "runs": 9, "balls": 13 },
    { "name": "Smriti", "runs": 134, "balls": 242 },
    { "name": "Virat", "runs": 15, "balls": 41 },
    { "name": "Jemimah", "runs": 72, "balls": 58 },
    { "name": "Shubman", "runs": 22, "balls": 31 },
    { "name": "Rohit", "runs": 73, "balls": 112 },
    { "name": "Jemimah", "runs": 101, "balls": 298 },
    { "name": "Virat", "runs": 116, "balls": 175 },
    { "name": "Shubman", "runs": 95, "balls": 113 },
    { "name": "Rohit", "runs": 138, "balls": 360 },
    { "name": "Harmanpreet", "runs": 158, "balls": 446 },
    { "name": "Rohit", "runs": 94, "balls": 191 },
    { "name": "Renuka", "runs": 67, "balls": 155 },
    { "name": "Harmanpreet", "runs": 95, "balls": 126 },
    { "name": "Harmanpreet", "runs": 93, "balls": 172 },
    { "name": "Ishan", "runs": 53, "balls": 137 },
    { "name": "Deepti", "runs": 65, "balls": 71 },
    { "name": "Rohit", "runs": 169, "balls": 357 },
    { "name": "Shubman", "runs": 18, "balls": 48 },
    { "name": "Smriti", "runs": 102, "balls": 264 },
    { "name": "Rohit", "runs": 47, "balls": 76 },
    { "name": "Shubman", "runs": 72, "balls": 46 },
    { "name": "Renuka", "runs": 139, "balls": 129 },
    { "name": "Deepti", "runs": 138, "balls": 252 },
    { "name": "Harmanpreet", "runs": 20, "balls": 28 },
    { "name": "Rohit", "runs": 126, "balls": 288 },
    { "name": "Shubman", "runs": 119, "balls": 325 },
    { "name": "Smriti", "runs": 97, "balls": 253 },
    { "name": "Deepti", "runs": 30, "balls": 47 },
    { "name": "VVS Laxman", "runs": 54, "balls": 43 },
    { "name": "Renuka", "runs": 49, "balls": 44 },
    { "name": "Jemimah", "runs": 119, "balls": 349 },
    { "name": "Shubman", "runs": 92, "balls": 187 },
    { "name": "Harmanpreet", "runs": 127, "balls": 65 },
    { "name": "Shubman", "runs": 31, "balls": 85 },
    { "name": "Smriti", "runs": 175, "balls": 444 },
    { "name": "Deepti", "runs": 128, "balls": 288 },
    { "name": "VVS Laxman", "runs": 42, "balls": 108 },
    { "name": "Shubman", "runs": 68, "balls": 135 },
    { "name": "Deepti", "runs": 117, "balls": 192 },
    { "name": "Rohit", "runs": 15, "balls": 12 },
    { "name": "Shubman", "runs": 32, "balls": 33 },
    { "name": "Deepti", "runs": 105, "balls": 160 },
    { "name": "Jemimah", "runs": 136, "balls": 242 },
    { "name": "VVS Laxman", "runs": 98, "balls": 162 },
    { "name": "Rohit", "runs": 166, "balls": 328 },
    { "name": "Ishan", "runs": 155, "balls": 343 },
    { "name": "Harmanpreet", "runs": 83, "balls": 75 },
    { "name": "Harmanpreet", "runs": 103, "balls": 273 },
    { "name": "Smriti", "runs": 11, "balls": 32 },
    { "name": "Deepti", "runs": 31, "balls": 83 },
    { "name": "Harmanpreet", "runs": 2, "balls": 1 },
    { "name": "Deepti", "runs": 53, "balls": 58 },
    { "name": "Smriti", "runs": 95, "balls": 91 },
    { "name": "Renuka", "runs": 60, "balls": 64 },
    { "name": "Virat", "runs": 22, "balls": 13 },
    { "name": "Smriti", "runs": 106, "balls": 61 },
    { "name": "Deepti", "runs": 135, "balls": 334 },
    { "name": "Smriti", "runs": 56, "balls": 113 },
    { "name": "Virat", "runs": 126, "balls": 291 },
    { "name": "Shubman", "runs": 2, "balls": 4 },
    { "name": "Smriti", "runs": 141, "balls": 279 },
    { "name": "Smriti", "runs": 86, "balls": 247 }
]
